{"0": {"pos": {"x": 360, "y": 91}, "type": "garage", "neighbors": {"1": 89.10667763978185, "3": 46.87216658103186}}, "1": {"pos": {"x": 272, "y": 77}, "type": "bin", "neighbors": {"0": 89.10667763978185, "4": 44.91102314577124, "5": 61.0}}, "2": {"pos": {"x": 205, "y": 100}, "type": "bin", "neighbors": {"4": 61.68468205316454, "5": 34.713109915419565}}, "3": {"pos": {"x": 351, "y": 137}, "type": "bin", "neighbors": {"0": 46.87216658103186, "4": 89.44271909999159}}, "4": {"pos": {"x": 263, "y": 121}, "type": "intersection", "neighbors": {"3": 89.44271909999159, "1": 44.91102314577124, "2": 61.68468205316454}}, "5": {"pos": {"x": 212, "y": 66}, "type": "intersection", "neighbors": {"2": 34.713109915419565, "1": 61.0}}}